key	gene	alteration	source	type	level	significance	direction	therapies	disease	url	description
chr17:7675088:C>T	TP53	R175H	CIViC	PROGNOSTIC	B	POOR_OUTCOME	SUPPORTS		Breast Cancer	/evidence/389	Breast cancer patients who harbor R175H mutation have worse overall survival than those with wild type TP53, but have better prognosis than those with R248W mutation.
chr17:7675088:C>T	TP53	R175H	CIViC	PREDICTIVE	C	SENSITIVITYRESPONSE	SUPPORTS	EAP Protocol	Stomach Carcinoma	/evidence/2310	In a study of 25 patients with advanced gastric cancer, mutations in TP53 were identified in 32% of primary tumors. TP53 mutations were associated with an improved response to preoperative treatment of a modified EAP protocol (combination of doxorubicin, etoposide and cisplatin). Patients with mutat
chr17:7675088:C>T	TP53	R175H	CIViC	PREDICTIVE	C	SENSITIVITYRESPONSE	SUPPORTS	Pazopanib,Vorinostat	Sarcoma	/evidence/7540	In the phase I study of pazopanib and vorinostat in 36 patients with advanced solid tumors, detection of hotspot TP53 mutation was associated with a higher rate of SD ≥6 months/PR, longer median PFS (months), and longer median OS (months) compared to patients without a hotspot TP53 mutation.  In sar
chr17:7675088:C>T	TP53	R175H	CIViC	PREDICTIVE	D	SENSITIVITYRESPONSE	SUPPORTS	Doxorubicin	Breast Cancer	/evidence/319	Breast tumors in a mouse model with R172H mutation (homologous to human R175H) are more responsive to doxorubicin than breast tumors with wild type TP53.
chr17:7675088:C>T	TP53	R175H	CIViC	PREDICTIVE	D	RESISTANCE	SUPPORTS	MDM2 Inhibitor AMGMDS3	Cancer	/evidence/4880	Subset of 58 cancer cell lines with unaltered TP53 is sensitive to MDM2 inhibitor AMGMDS3. None of 115 cancer cell lines with TP53 mutation and absence of WT allele are sensitive to MDM2 inhibitor. TP53 R175H loss of function mutation is present in 6 cell lines that are insensitive to MDM2 inhibitor
chr17:7675088:C>T	TP53	R175H	CIViC	PREDICTIVE	D	RESISTANCE	SUPPORTS	MDM2 Inhibitor AMGMDS3	Cancer	/evidence/10074	Subset of 58 cancer cell lines with unaltered TP53 is sensitive to MDM2 inhibitor AMGMDS3. None of 115 cancer cell lines with TP53 mutation and absence of WT allele are sensitive to MDM2 inhibitor. TP53 R175H loss of function mutation is present in 6 cell lines that are insensitive to MDM2 inhibitor
chr17:7675088:C>T	TP53	R175H	CIViC	FUNCTIONAL	D	DOMINANT_NEGATIVE	SUPPORTS			/evidence/10527	Yeast strain yIG397 was cultured to express both wild-type (WT) and mutant R175H originally identified in anaplastic astrocytoma. Should the mutant be dominant-negative (DN), TP53 will not bind and transactivate the ADE2 protein, resulting in red/pink colonies. If the mutant is recessive, then WT fu
chr10:87933147:C>T	PTEN	R130*	CIViC	PREDICTIVE	D	SENSITIVITYRESPONSE	SUPPORTS	Perifosine,Temsirolimus	Thyroid Cancer	/evidence/1627	Preclinical study in thyroid cancer cell lines. 6 cell lines with alterations of the PI3K/Akt pathway were more sensitive to Akt inhibitor perifosine or MTOR inhibitor temsirolimus than 5 cell lines without genetic alterations in the PI3K/Akt pathway. Among the alterations, one cell line harbored a 
chr12:25245351:C>A	KRAS	G12C	CIViC	PREDICTIVE	A	SENSITIVITYRESPONSE	SUPPORTS	Sotorasib	Lung Non-small Cell Carcinoma	/evidence/9431	The phase II cohort of the CodeBreaK 100 study (NCT03600883) investigated the activity of the KRAS G12C inhibitor sotorasib in previously treated patients with KRAS G12C-mutated non-small cell lung cancer. A total of 124 patients had measurable disease and were evaluated for response by independent 
chr12:25245351:C>A	KRAS	G12C	CIViC	PREDICTIVE	A	SENSITIVITYRESPONSE	SUPPORTS	Adagrasib,Cetuximab	Colorectal Cancer	/evidence/12063	The efficacy of adagrasib + cetuximab combination therapy was tested in 94 patients harbouring colorectal cancers with KRAS G12C mutations. ORR was used as the primary end-point for the study. The ORR and disease control rate were 34.0% and 85.1% respectively. The median duration of response and pro
chr12:25245351:C>A	KRAS	G12C	CIViC	PREDICTIVE	A	SENSITIVITYRESPONSE	SUPPORTS	Sotorasib,Panitumumab	Colorectal Cancer	/evidence/12264	In this phase 3 trial, patients with chemorefractory metastatic colorectal cancer harbouring KRAS G12C mutations were assigned to one of three groups. The first group received 960 mg of sotorasib (KRAS G12C inhibitor) once daily plus panitumumab (n = 53), the second group received 240 mg of sotorasi
chr12:25245351:C>A	KRAS	G12C	CIViC	PREDICTIVE	B	SENSITIVITYRESPONSE	SUPPORTS	Divarasib	Lung Non-small Cell Carcinoma	/evidence/11652	A phase 1 clinical study conducted with Divarasib in a total of 137 patients, of which 60 patients had NSCLC with G12C mutation in the KRAS gene. Confirmed response was noted in 53.4% (95% CI; 39.9 to 66.7) of the patients, with a progression-free survival of 13.1 months.
chr12:25245351:C>A	KRAS	G12C	CIViC	PREDICTIVE	B	RESISTANCE	SUPPORTS	Gefitinib,Erlotinib	Colorectal Cancer	/evidence/1216	In a study of 448 metastatic colorectal cancer patients treated with EGFR-TKIs and tested for EGFR and KRAS mutations, 69 tested positive for KRAS mutations. In 38 EGFR wildtype patients treated with erlotinib or gefitinib, those with KRAS G12C mutations (n=24) had shorter progression free survival 
chr12:25245351:C>A	KRAS	G12C	CIViC	PROGNOSTIC	B	POOR_OUTCOME	SUPPORTS		Lung Non-small Cell Carcinoma	/evidence/1217	In a study of 48 NSCLC patients, those with G12C or G12V mutant KRAS were associated with decreased progression free survival (1.84 months) compared with other KRAS mutants or with wild-type KRAS (3.35 and 1.95 months).
chr12:25245351:C>A	KRAS	G12C	CIViC	PREDICTIVE	B	RESISTANCE	SUPPORTS	Cetuximab,Chemotherapy	Colorectal Cancer	/evidence/3967	This was a retrospective study of 691 cetuximab treated patients with metastatic, chemotherapy refractory colorectal cancer. Of those, 16 patients harbored KRAS G12C, were BRAF, NRAS and PIK3CA wt, and had individual response data. One patient had a partial response, 6 had stable disease, and 9 prog
chr12:25245351:C>A	KRAS	G12C	CIViC	DIAGNOSTIC	B	POSITIVE	SUPPORTS		Lung Cancer	/evidence/227	KRAS G12C occur more frequently in women than men.
chr12:25245351:C>A	KRAS	G12C	CIViC	PREDICTIVE	B	SENSITIVITYRESPONSE	SUPPORTS	Docetaxel,Selumetinib	Lung Non-small Cell Carcinoma	/evidence/1142	83 patients from a phase II trial (docetaxel + placebo or MEK1/2 inhibitor selumetinib) with KRAS mutant tumors were retrospectively assessed for differences in OS, PFS, ORR and change in tumor size at week 6 according to type of KRAS mutation. G12C, G12D and G12V were the most common mutations (46%
chr12:25245351:C>A	KRAS	G12C	CIViC	PREDICTIVE	B	RESISTANCE	SUPPORTS	Gefitinib	Lung Cancer	/evidence/2257	In recurrent lung cancer patients treated with the epidermal growth factor receptor tyrosine kinase inhibitor gefitinib, patients with KRAS mutations had a lower frequency of partial response (PR) and stable disease (SD) and a higher rate of progressive disease (PD) (PR:0, SD:1, PD:15 vs. PR:24, SD:
chr12:25245351:C>A	KRAS	G12C	CIViC	PREDICTIVE	C	RESISTANCE	SUPPORTS	Panitumumab	Colorectal Cancer	/evidence/2253	In a retrospective study of 427 metastatic colorectal patients, KRAS mutations were observed in 43% of the tumor samples. Patients with mutations in codon 12 or 13 of KRAS were associated with reduced response to panitumumab compared to wildtype KRAS (HR:0.99, 95% CI:0.73-1.36 vs. HR:0.45, 95% CI:0.
chr12:25245351:C>A	KRAS	G12C	CIViC	PREDICTIVE	D	RESISTANCE	SUPPORTS	Melphalan	Multiple Myeloma	/evidence/2262	In in vitro experiments, myeloma cell lines expressing activating NRAS and KRAS mutations are less sensitive to the apoptosis-inducing effects of dexamethasone, doxorubicin, and melphalan in comparison to cells with wildtype RAS.
chr12:25245351:C>A	KRAS	G12C	CIViC	PREDICTIVE	D	SENSITIVITYRESPONSE	SUPPORTS	ARS-853,Epidermal Growth Factor Receptor Tyrosine Kinase Inhibitor	Cancer	/evidence/1173	Preclinical study to investigate mechanisms of KRAS G12C activity and inhibition with ARS-853, a covalent (irreversible) inhibitor which binds KRAS G12C in the GDP-bound state to prevent activation. Results from a mass spectrometry-based assay to evaluate KRAS activity suggests that G12C mutant KRAS
chr12:25245351:C>A	KRAS	G12C	CIViC	PREDICTIVE	D	SENSITIVITYRESPONSE	SUPPORTS	Adagrasib	Solid Tumor	/evidence/7572	In cell lines, MRTX849 inhibits growth and viability of cells harboring KRAS G12C mutations, but not in cells with other mutant forms or of wild-type KRAS.

In animal models, MRTX849 demonstrates antitumor activity in a broad range of KRAS G12C positive tumors.
chr12:25245351:C>A	KRAS	G12C	CIViC	PREDICTIVE	D	SENSITIVITYRESPONSE	SUPPORTS	Dactolisib,Selumetinib	Colorectal Cancer	/evidence/2212	In 28 out of 40 (70%) metastatic colorectal cancer tumors harboring BRAF, KRAS, NRAS or PIK3CA mutations and implanted into mice, the therapeutic combination of the MEK inhibitor AZD6244 and the PI3K/mTor inhibitor BEZ235 resulted in disease stabilization. Mean tumor growth was lower in the tumors t
chr12:25245351:C>A	KRAS	G12C	CIViC	PREDICTIVE	D	RESISTANCE	SUPPORTS	Melphalan	Multiple Myeloma	/evidence/2261	In in vitro experiments, myeloma cell lines expressing activating NRAS and KRAS mutations are less sensitive to the apoptosis-inducing effects of dexamethasone, doxorubicin, and melphalan in comparison to cells with wildtype RAS.
chr12:25245351:C>A	KRAS	G12C	CIViC	PREDICTIVE	D	RESISTANCE	SUPPORTS	Melphalan	Multiple Myeloma	/evidence/2263	In in vitro experiments, myeloma cell lines expressing activating NRAS and KRAS mutations are less sensitive to the apoptosis-inducing effects of dexamethasone, doxorubicin, and melphalan in comparison to cells with wildtype RAS.
chr12:25245351:C>A	KRAS	G12C	CIViC	PREDICTIVE	D	RESISTANCE	SUPPORTS	Regorafenib Anhydrous	Colorectal Cancer	/evidence/3973	In an in vitro study, a human colon adenocarcinoma SW48 cell line expressing KRAS G12C mutation demonstrated resistance to regorafenib treatment (IC50: 386.22 nM vs. 114.28 nM, P<0.01) compared to SW48 cells expressing KRAS wild-type. Resistance was determined by assessing cell viability. In vivo, K
chr3:179234297:A>G	PIK3CA	H1047R	CIViC	PREDICTIVE	A	SENSITIVITYRESPONSE	SUPPORTS	Alpelisib,Fulvestrant	Breast Cancer	/evidence/7318	In a phase 3 trial, patients with hormone receptor positive, HER2 receptor negative breast were allocated to alpelisib plus fulvestrant or placebo plus fulvestrant. Patients were enrolled into two cohorts on the basis of tumor-tissue PIK3CA mutation status.PIK3CA mutation was determined according to
chr3:179234297:A>G	PIK3CA	H1047R	CIViC	PREDICTIVE	A	SENSITIVITYRESPONSE	SUPPORTS	Inavolisib,Palbociclib,Fulvestrant	Breast Cancer	/evidence/12533	The phase III INAVO120 trial (NCT04191499) in 325 patients with endocrine-resistant, PIK3CA-mutated HR⁺/HER2⁻ locally advanced or metastatic breast cancer evaluated inavolisib plus palbociclib and fulvestrant (n=161) versus placebo plus palbociclib and fulvestrant (n=164). Median PFS was 15.0 months
chr3:179234297:A>G	PIK3CA	H1047R	CIViC	PREDICTIVE	B	RESISTANCE	DOES_NOT_SUPPORT	FAC Regimen,FEC Regimen	Breast Cancer	/evidence/6191	This study of 140 patients with stage II-III breast cancer assessed the response of patients with PIK3CA mutations to 6 months of preoperative chemotherapy. Exons 1, 9, and 20 of PIK3CA  were screened for mutations. 23/140 patients had PIK3CA mutations: E545K (8); E542K (3); Q546R (1); H1047R (9); H
chr3:179234297:A>G	PIK3CA	H1047R	CIViC	PREDICTIVE	B	RESISTANCE	DOES_NOT_SUPPORT	Cetuximab,Panitumumab	Colorectal Cancer	/evidence/258	In this study, a large cohort of metastatic colorectal cancer patients were treated with anti-epidermal growth factor receptor monoclonal antibodies (cetuximab or panitumumab). KRAS PIK3CA and PTEN were tested for mutation; PIK3CA H1047R was the only variant noted in the primary tumor (located in re
chr3:179234297:A>G	PIK3CA	H1047R	CIViC	PROGNOSTIC	B	BETTER_OUTCOME	SUPPORTS		Breast Cancer	/evidence/2097	Prognostic significance of PIK3CA mutations was evaluated in a retrospective study of 590 patients with surgically resected invasive breast cancer. Patients whose tumors harbored PIK3CA H1047R (n=88, 14.9%) experienced significantly higher 10-year overall survival rate (76% vs 62%) and lower 10-year
chr3:179234297:A>G	PIK3CA	H1047R	CIViC	PROGNOSTIC	B	BETTER_OUTCOME	SUPPORTS		Breast Cancer	/evidence/2100	In Japanese invasive breast cancer patients, PIK3CA mutation was associated with improved relapse-free survival (p < .05).
chr3:179234297:A>G	PIK3CA	H1047R	CIViC	PROGNOSTIC	B	POOR_OUTCOME	SUPPORTS		Breast Tubular Carcinoma	/evidence/3047	In a retrospective analysis of 32 Western Chinese female patients with invasive ductal breast cancer, PIK3CA H1047L (n=1) or H1047R (n=8) was associated with worse survival and increased incidence of lymph node invasion. The incidence of lymph node invasion was 15/23 (65%) for the PIK3CA wildtype po
chr3:179234297:A>G	PIK3CA	H1047R	CIViC	PREDICTIVE	C	RESISTANCE	SUPPORTS	Cetuximab,Irinotecan	Colorectal Cancer	/evidence/3841	Five patients participating in a large retrospective study of cetuximab in metastatic, treatment refractory colorectal cancer had tumors which harbored PIK3CA H1047R (exon 21), were wildtype for KRAS, BRAF and NRAS, and had individual response data. All patients were treated with cetuximab and irino
chr3:179234297:A>G	PIK3CA	H1047R	CIViC	PREDICTIVE	C	RESISTANCE	SUPPORTS	Cetuximab,Panitumumab	Colorectal Cancer	/evidence/388	In this study, a large cohort of metastatic colorectal cancer patients were treated with anti-epidermal growth factor receptor monoclonal antibodies (cetuximab or panitumumab). KRAS PIK3CA and PTEN were tested for mutation; PIK3CA H1047R was the only variant noted in the primary tumors of four patie
chr3:179234297:A>G	PIK3CA	H1047R	CIViC	PREDICTIVE	C	SENSITIVITYRESPONSE	SUPPORTS	Everolimus,Fulvestrant	HER2 Positive Breast Cancer	/evidence/1623	Case report of a 44-year-old patient with recurrent HER2-positive breast cancer. The primary tumor was HR positive; however, the metastatic tumor was HR negative. The patient was resistant to classical chemotherapeutic agents and anti-HER2 treatment. Thus, the combination of everolimus and fulvestra
chr3:179234297:A>G	PIK3CA	H1047R	CIViC	PREDICTIVE	D	SENSITIVITYRESPONSE	SUPPORTS	Izorlisib	Breast Cancer	/evidence/314	Breast cancer cell lines with H1047R mutation showed increased sensitivity to CH5132799 than cells with wild-type PIK3CA gene.
chr3:179234297:A>G	PIK3CA	H1047R	CIViC	PREDICTIVE	D	SENSITIVITYRESPONSE	SUPPORTS	Pictilisib	HER2 Positive Breast Cancer	/evidence/2096	This preclinical study tested the efficacy on several breast cancer cell lines of GDC-0941 (pictilisib), a selective inhibitor of all four isoforms of class I PI3-kinases at a range of IC50 values. Sensitivity and resistance was categorized as less than and more than an IC50 of 1umol/L, respectively
chr3:179234297:A>G	PIK3CA	H1047R	CIViC	PREDICTIVE	D	RESISTANCE	SUPPORTS	Lapatinib,Trastuzumab	HER2 Positive Breast Cancer	/evidence/6204	In a preclinical study, efficacy of lapatinib and trastuzumab was evaluated in vitro against HER2 amplified breast cancer cell line BT474 (heterozygous for PIK3CA K111N) retrovirally transduced with PIK3CA H1047R. The study found that H1047R abrogated the growth inhibitory effects of lapatinib and t
chr3:179234297:A>G	PIK3CA	H1047R	CIViC	PREDICTIVE	D	RESISTANCE	DOES_NOT_SUPPORT	Dactolisib	HER2 Positive Breast Cancer	/evidence/6206	This preclinical study tested the sensitivity of HER2-positive breast cancer cell line BT-474 (heterozygous for PIK3CA K111N) retrovirally transduced with PIK3CA H1047R to NVP-BEZ235 (dactolisib; a dual PI3K/mTOR inhibitor). The study found that dactolisib was effective in inhibiting outgrowth of H1
chr3:179234297:A>G	PIK3CA	H1047R	CIViC	PREDICTIVE	D	SENSITIVITYRESPONSE	SUPPORTS	Dactolisib	Lung Adenocarcinoma	/evidence/1447	Doxycycline dependent expression of the PIK3CA H1047R mutation in mouse type II alveolar epithelial cells drove lung cancer in a reversible fashion, indicating the driver properties of this p110alpha catalytic domain mutation. Administration of pan-p110 isoform and mTOR inhibitor BEZ235 to H1047R mi
chr3:179234297:A>G	PIK3CA	H1047R	CIViC	PREDICTIVE	D	SENSITIVITYRESPONSE	SUPPORTS	Capivasertib,Trastuzumab	HER2 Positive Breast Cancer	/evidence/1505	Tumor xenografts in mice were established with the KPL4 HER2 positive breast cancer cell line with PIK3CA H1047R mutation. KPL4 has suboptimal responses to trastuzumab and lapatinib. Xengraft treatment with trastuzumab and AZD5363 monotherapy induced moderate growth inhibition which was significant 
chr3:179234297:A>G	PIK3CA	H1047R	CIViC	PREDICTIVE	D	SENSITIVITYRESPONSE	SUPPORTS	Capivasertib,Lapatinib	HER2 Positive Breast Cancer	/evidence/1506	The HER2 breast cancer cell line KPL4 with PIK3CA H1047R shows sub-optimal responses to trastuzumab and lapatinib, and was used to establish mouse xenografts. Treatment of mice with monotherapy of AZD5363 or lapatinib alone induced growth inhibition (37%, not significant; 65%, P = 0.004), but treatm
chr3:179234297:A>G	PIK3CA	H1047R	CIViC	PREDICTIVE	D	SENSITIVITYRESPONSE	SUPPORTS	Perifosine,Temsirolimus	Thyroid Cancer	/evidence/1625	Preclinical study in thyroid cancer cell lines. 6 cell lines with alterations of the PI3K/Akt pathway were more sensitive to Akt inhibitor perifosine or MTOR inhibitor temsirolimus than 5 cell lines without genetic alterations in the PI3K/Akt pathway.
Among the alterations, One cell line harbored a 
chr3:179234297:A>G	PIK3CA	H1047R	CIViC	PREDICTIVE	D	RESISTANCE	DOES_NOT_SUPPORT	Trastuzumab Emtansine	HER2 Positive Breast Cancer	/evidence/2103	As part of a pre-clinical experiment, the efficacy of ado-trastuzumab emtansine (T-DM1) was compared to that of trastuzumab against various HER2 positive cell lines. HCC1954 and KPL-4 cell lines expressing PIK3CA H1047R were associated with similar sensitivity to T-DM1 as PIK3CA wild-type cell line 
chr3:179234297:A>G	PIK3CA	H1047R	CIViC	PREDICTIVE	D	RESISTANCE	SUPPORTS	Vemurafenib	Colorectal Cancer	/evidence/3733	In an in vitro study, a RKO cell line expressing BRAF V600E (a known vemurafenib sensitizing mutation) and PIK3CA H1047R co-mutation demonstrated reduced sensitivity to vemurafenib treatment. Resistance was determined by assessing cellular proliferation and AKT phosphorylation.
chr3:179234297:A>G	PIK3CA	H1047R	CIViC	PREDICTIVE	D	RESISTANCE	SUPPORTS	Lapatinib	HER2 Positive Breast Cancer	/evidence/6202	This preclinical study tested, in vitro, the resistance to lapatinib (an anti-HER2 drug) of HER2-positive breast cancer cell lines (BT474 and SKBR3) retrovirally transduced with H1047R. The study found that the H1047R transduced cells were almost completely resistant to the growth inhibitory effects
chr3:179234297:A>G	PIK3CA	H1047R	CIViC	PREDICTIVE	D	RESISTANCE	SUPPORTS	Trastuzumab	HER2 Positive Breast Cancer	/evidence/6203	This preclinical study tested the effect of trastuzumab (an anti-HER2 drug) on HER2-positive breast cancer cell lines (BT474 and SKBR3) retrovirally transduced with H1047R. The study found that the H1047R transduced cells were almost completely resistant to the growth inhibitory effects of trastuzum
chr3:179234297:A>G	PIK3CA	H1047R	CIViC	PREDICTIVE	D	SENSITIVITYRESPONSE	SUPPORTS	Vemurafenib,Akt Inhibitor MK2206	Colorectal Cancer	/evidence/8364	Resistance of RKO cells, which harbor BRAF V600E (a known vemurafenib sensitizing mutation) and PIK3CA H1047R, to vemurafenib monotherapy was abrogated by the addition of pan-AKT inhibitor MK-2206 in vitro and in vivo. In vitro, vemurafenib and MK-2206 combination treatment of RKO cells resulted in 
chr3:179234297:A>G	PIK3CA	H1047R	CIViC	PREDICTIVE	D	SENSITIVITYRESPONSE	SUPPORTS	Dactolisib	Head And Neck Cancer	/evidence/1362	Two head and neck cancer cell lines with PIK3CA H1047R mutation were more sensitive to PI3K/mTOR inhibition with BEZ-235 (NVP-BEZ235, Dactolisib) than two wild type cell lines in vitro. One cell line with H1047R mutation was also found to be sensitive to BEZ-235 in vivo. PIK3CA (H1047R) mutation pos
chr3:179234297:A>G	PIK3CA	H1047R	CIViC	PREDICTIVE	D	SENSITIVITYRESPONSE	SUPPORTS	Cetuximab,Dactolisib	Head And Neck Cancer	/evidence/1363	Xenografts from one head and neck cancer cell line (CAL-33) with a PIK3CA H1047R mutation were more sensitive to the combined inhibition of PI3K/mTOR and EGFR with BEZ-235 and cetuximab (N=9) than cetuximab (N=9, P=0.0039) or BEZ-235 alone (N=9, P=0.0002) in-vivo.
chr7:140753336:A>T	BRAF	V600E	CIViC	PREDICTIVE	A	SENSITIVITYRESPONSE	SUPPORTS	Vemurafenib	Skin Melanoma	/evidence/1409	Phase 3 randomized clinical trial comparing vemurafenib with dacarbazine in 675 patients with previously untreated, metastatic melanoma with the BRAF V600E mutation. At 6 months, overall survival was 84% (95% confidence interval [CI], 78 to 89) in the vemurafenib group and 64% (95% CI, 56 to 73) in 
chr7:140753336:A>T	BRAF	V600E	CIViC	PREDICTIVE	A	SENSITIVITYRESPONSE	SUPPORTS	Encorafenib,Cetuximab	Colorectal Cancer	/evidence/9851	The open-label phase 3 BEACON CRC trial included 665 patients with BRAF V600E-mutated metastatic CRC. Patients were randomly assigned in a 1:1:1 ratio to receive encorafenib, binimetinib, and cetuximab (triplet-therapy group); encorafenib and cetuximab (doublet-therapy group); or the investigators’ 
chr7:140753336:A>T	BRAF	V600E	CIViC	PREDICTIVE	A	SENSITIVITYRESPONSE	SUPPORTS	Tovorafenib	Childhood Low-grade Glioma	/evidence/12016	In this ongoing phase 2 trial (FIREFLY-1), 76 patients, aged 6 months to 25 years, with pediatric low-grade glioma harbouring BRAF alterations (BRAF fusions or BRAF V600E mutations) were treated with tovorafenib (DAY-101). The overall response rate according to the RAPNO-LGG criteria was 51% (95% CI
chr7:140753336:A>T	BRAF	V600E	CIViC	PREDICTIVE	A	SENSITIVITYRESPONSE	SUPPORTS	Dabrafenib,Trametinib	Lung Non-small Cell Carcinoma	/evidence/3017	Patients with BRAF V600E-mutant NSCLC (n=57) were enrolled into a phase 2, multicentre, non-randomised, open-label study, administering dabrafenib plus trametinib. The overall response rate was 36/57 (63.2%, [95% CI 49.3-75.6]) and the median progression-free survival was 9.7 months (95% CI 6.9-19.6
chr7:140753336:A>T	BRAF	V600E	CIViC	PREDICTIVE	A	SENSITIVITYRESPONSE	SUPPORTS	Dabrafenib,Trametinib	Solid Tumor	/evidence/12161	In this trial, patients with advanced rare tumours harbouring BRAF V600E mutations were treated with a combination of dabrafenib and trametinib. The study included eight distinct cohorts: anaplastic thyroid carcinoma (ATC) (n=36), biliary tract cancer (BTC)(n=43), gastrointestinal stromal tumour (GI
chr7:140753336:A>T	BRAF	V600E	CIViC	PREDICTIVE	A	SENSITIVITYRESPONSE	SUPPORTS	Trametinib,Dabrafenib	Low Grade Glioma	/evidence/12162	In this trial, patients with pediatric (age <18 years) low-grade gliomas harbouring BRAF V600E (n=49), were treated with either trametinib monotherapy (n=13) or dabrafenib + trametinib (n=36). In patients treated with trametinib monotherapy, 15% (95% CI, 1.9-45.4; n=2) had objective PRs, and 46% (n=
chr7:140753336:A>T	BRAF	V600E	CIViC	DIAGNOSTIC	B	POSITIVE	SUPPORTS		Papillary Thyroid Carcinoma	/evidence/80	Thyroid nodule with BRAF V600E mutation is highly correlated with papillary thyroid cancer.
chr7:140753336:A>T	BRAF	V600E	CIViC	PREDICTIVE	B	SENSITIVITYRESPONSE	SUPPORTS	Dabrafenib,Trametinib	Melanoma	/evidence/95	Dabrafenib with trametinib provides higher response rate and lower toxicity (as compared to chemotherapy) in patients with melanoma.
chr7:140753336:A>T	BRAF	V600E	CIViC	PROGNOSTIC	B	POOR_OUTCOME	DOES_NOT_SUPPORT		Papillary Thyroid Carcinoma	/evidence/102	Unlike other studies that suggest a poorer outcome, BRAF mutation in this study was not correlated with poorer prognosis in papillary thyroid cancer.
chr7:140753336:A>T	BRAF	V600E	CIViC	PROGNOSTIC	B	POOR_OUTCOME	SUPPORTS		Colorectal Cancer	/evidence/103	V600E is associated with adverse pathological features of colorectal cancer. This can be concluded as a marker of poor prognosis.
chr7:140753336:A>T	BRAF	V600E	CIViC	PROGNOSTIC	B	POOR_OUTCOME	SUPPORTS		Papillary Thyroid Carcinoma	/evidence/656	In patients with papillary thyroid cancer harboring both BRAF V600E and the TERT promotor mutation C228T (N=35), recurrence-free survival is worse than in patients harboring one of these mutations (N=159 BRAF, N=26 TERT promoter mutated) or no mutations in either gene (N=287)(P<0.001).
chr7:140753336:A>T	BRAF	V600E	CIViC	PREDICTIVE	B	SENSITIVITYRESPONSE	SUPPORTS	Vemurafenib	Melanoma	/evidence/1398	The BRIM-3 Phase III trial NCT01006980 assessed BRAF inhibitor vemurafenib versus dacarbazine in 598 patients with treatment naive metastatic melanoma and confirmed V600E mutation. Significant differences were seen in overall survival (13.3 months with vemurafenib vs. 10.0 months with dacarbazine) a
chr7:140753336:A>T	BRAF	V600E	CIViC	PREDICTIVE	B	SENSITIVITYRESPONSE	SUPPORTS	Dabrafenib,Trametinib	Melanoma	/evidence/6178	Adjuvant dual treatment with BRAF inhibitor dabrafenib and MEK inhibitor trametinib was administered to patients with stage III resected melenoma with V600E or V600K mutation in this stage III trial (COMBO-AD, NCT01682083). 792 (91%) patients had V600E, and were administered dabrafenib and trametini
chr7:140753336:A>T	BRAF	V600E	CIViC	PREDICTIVE	B	SENSITIVITYRESPONSE	SUPPORTS	Dabrafenib,Trametinib	Melanoma	/evidence/6938	In this Phase III trial (NCT01584648 COMBI-d), previously untreated patients with unresectable stage IIIC or IV melanoma with BRAF V600E (359 patients) or V600K (61 patients) received dabrafenib and trametinib or dabrafenib alone with primary endpoint of progression free survival and secondary endpo
chr7:140753336:A>T	BRAF	V600E	CIViC	PREDICTIVE	B	SENSITIVITYRESPONSE	SUPPORTS	Encorafenib,Binimetinib,Cetuximab	Colorectal Cancer	/evidence/7612	665 patients with BRAF V600E-mutated metastatic CRC were enrolled In this open-label, phase 3 trial. Patients were randomly assigned in a 1:1:1 ratio to receive encorafenib, binimetinib, and cetuximab (triplet-therapy group); encorafenib and cetuximab (doublet-therapy group); or the investigators’ c
chr7:140753336:A>T	BRAF	V600E	CIViC	PREDICTIVE	B	RESISTANCE	DOES_NOT_SUPPORT	Cetuximab,Panitumumab	Colorectal Cancer	/evidence/816	This meta-analysis of 7 randomized control trials evaluating overall survival (OS) (8 for progression free survival) could not definitely state that survival benefit of anti-EGFR monoclonal antibodies is limited to patients with wild type BRAF. In other words, the authors believe that there is insuf
chr7:140753336:A>T	BRAF	V600E	CIViC	DIAGNOSTIC	B	POSITIVE	SUPPORTS		Hairy Cell Leukemia	/evidence/1127	In 47 patients with Hairy Cell Leukemia, sequencing discovered a V600E mutation in all 47 of the sequenced patients.
chr7:140753336:A>T	BRAF	V600E	CIViC	PREDICTIVE	B	SENSITIVITYRESPONSE	DOES_NOT_SUPPORT	Vemurafenib	Colorectal Cancer	/evidence/1405	In this Phase II pilot study (NCT00405587) of BRAF V600 inhibitor vemurafenib in 21 metastatic colorectal cancer (CRC) patients with BRAF V600E, one patient had a durable 21 week partial response, and seven patients had 8 week stable disease as best response. Median progression free survival was 2.1
chr7:140753336:A>T	BRAF	V600E	CIViC	PREDICTIVE	B	SENSITIVITYRESPONSE	SUPPORTS	Vemurafenib,Cobimetinib	Melanoma	/evidence/1421	In this Phase III trial (coBRIM, NCT01689519) of 495 V600 mutant melanoma patients, 344 had V600E mutation. 174 patients were treated with vemurafenib and placebo, and 170 were treated with vemurafenib and cobimetinib and tested for progression free survival. 88 of 174 monotherapy group patients had
chr7:140753336:A>T	BRAF	V600E	CIViC	PREDICTIVE	B	SENSITIVITYRESPONSE	SUPPORTS	Vemurafenib	Melanoma	/evidence/1749	Multicenter, phase 1, dose-escalation trial of PLX4032 (Vemurafenib). Treatment of metastatic melanoma with PLX4032 in patients with tumors that carry the V600E BRAF mutation resulted in complete or partial tumor regression in the majority of patients (N=37/48). Patients without the V600E mutation h
chr7:140753336:A>T	BRAF	V600E	CIViC	PREDICTIVE	B	SENSITIVITYRESPONSE	SUPPORTS	Vemurafenib,Cetuximab,Irinotecan	Colorectal Cancer	/evidence/1902	Phase 1b study of vemurafenib, cetuximab and irinotecan in 19 patients with colorectal cancer (1 with appendiceal cancer). Six of 17 evaluable patients achieved an objective response, 15 patients total had either stable disease or radiographic response (the patient with appendiceal cancer had diseas
chr7:140753336:A>T	BRAF	V600E	CIViC	PREDICTIVE	B	SENSITIVITYRESPONSE	SUPPORTS	Trametinib	Melanoma	/evidence/2135	In a study of 322 advanced melanoma patients with BRAF-V600E (N=281), BRAF-V600K (N=40), or both mutations (N=1), treatment with trametinib was associated with improved progression-free survival (4.8mo vs. 1.5mo; HR: 0.45, 95% CI: 0.33-0.63, P<0.001) compared to chemotherapy control group. Additiona
chr7:140753336:A>T	BRAF	V600E	CIViC	PROGNOSTIC	B	POOR_OUTCOME	SUPPORTS		Papillary Thyroid Carcinoma	/evidence/2137	In a study of 102 papillary thyroid cancer patients with a 15 year median follow-up time, those with BRAF V600E mutations had reduced overall survival compared to those with wildtype BRAF (P=0.015, log-rank test). The presence of BRAF V600E was associated with poorer outcome as defined by persistent
chr7:140753336:A>T	BRAF	V600E	CIViC	PREDICTIVE	B	RESISTANCE	SUPPORTS	Cetuximab,FOLFOX-4 Regimen	Colorectal Cancer	/evidence/3739	In a retrospective study of 148 treatment naive metastatic colorectal cancer patients, patients with BRAF V600E and wildtype NRAS/KRAS (n=14) mutation treated with FOLFOX4 plus cetuximab were associated with a decreased progression free survival (7.2mo vs. 9.7mo, HR:0.39, 95% CI:0.21-0.72, P=0.0017)
chr7:140753336:A>T	BRAF	V600E	CIViC	PREDICTIVE	B	SENSITIVITYRESPONSE	SUPPORTS	Vemurafenib	Melanoma	/evidence/3750	In a phase 2 clinical trial (NCT00949702) of 132 BRAF mutation positive metastatic melanoma patients treated with vemurafenib monotherapy, patients harboring BRAF V600E (n=123) or V600K (n=9) mutations were associated with a favorable objective response rate (53% per RECIST v1.1 criteria, 70/132), w
chr7:55191822:T>G	EGFR	L858R	CIViC	PREDICTIVE	A	SENSITIVITYRESPONSE	SUPPORTS	Erlotinib	Lung Non-small Cell Carcinoma	/evidence/2994	On May 14, 2013, the U.S. Food and Drug Administration approved erlotinib (Tarceva) for the first-line treatment of patients with metastatic non-small cell lung cancer (NSCLC) whose tumors have epidermal growth factor receptor (EGFR) exon 19 deletions or exon 21 (L858R) substitution mutations.
chr7:55191822:T>G	EGFR	L858R	CIViC	PREDICTIVE	A	SENSITIVITYRESPONSE	SUPPORTS	Afatinib	Lung Non-small Cell Carcinoma	/evidence/2997	Afatinib, an irreversible inhibitor of the ErbB family of tyrosine kinases has been approved in the US for the first-line treatment of patients with metastatic non-small-cell lung cancer (NSCLC) who have tumours with EGFR exon 19 deletions or exon 21 (L858R) substitution mutations as detected by a U
chr7:55191822:T>G	EGFR	L858R	CIViC	PREDICTIVE	A	SENSITIVITYRESPONSE	SUPPORTS	Osimertinib	Lung Non-small Cell Carcinoma	/evidence/11219	In this phase 3, double-blind trial, 682 patients were randomly assigned 1:1 to either osimertinib (80 mg once daily) or placebo for 3 years following complete resection of EGFR mutation positive (exon 19 deletion or L858R) non-small cell lung cancer (NSCLC). At two years, 90% of the patients with s
chr7:55191822:T>G	EGFR	L858R	CIViC	PREDICTIVE	A	SENSITIVITYRESPONSE	SUPPORTS	Dacomitinib	Lung Non-small Cell Carcinoma	/evidence/11239	In this phase 3, open-label, randomized trial, 452 patients with EGFR mutation-positive non-small cell lung cancer including exon 19 deletions and exon 21 L858R point mutations were randomized into cohorts receive either oral dacomitinib 45 mg/day or oral gefitinib 250 mg/day, both in 28-day cycles.
chr7:55191822:T>G	EGFR	L858R	CIViC	PREDICTIVE	A	SENSITIVITYRESPONSE	SUPPORTS	Erlotinib,Ramucirumab	Lung Non-small Cell Carcinoma	/evidence/11240	In this phase 3, randomized, double-blind, placebo-controlled trial, 449 patients stage IV NSCLC with EGFR exon 19 deletions or exon 21 (L858R) mutations. Patients were randomly assigned in a 1:1 ratio to receive oral erlotinib (150 mg/day) plus either intravenous ramucirumab (10 mg/kg) or matching 
chr7:55191822:T>G	EGFR	L858R	CIViC	PREDICTIVE	A	SENSITIVITYRESPONSE	SUPPORTS	Osimertinib,Chemotherapy	Lung Non-small Cell Carcinoma	/evidence/12015	In this phase 3 clinical trial, 557 patients with NSCLC harbouring EGFR mutations (exon 19 deletion or L858R mutation) were randomly assigned to two groups and treated with either osimertinib with chemotherapy or osimertinib monotherapy. Significantly higher PFS was noted in the group treated with o
chr7:55191822:T>G	EGFR	L858R	CIViC	PREDICTIVE	A	SENSITIVITYRESPONSE	SUPPORTS	Gefitinib	Lung Non-small Cell Carcinoma	/evidence/11241	In this phase-IV, open-label, single-arm study, 106 patients with NSCLC and EGFR mutations including exon 19 deletion and exon 21 L858R point mutations were administered 250 mg daily doses of gefitinib with the primary endpoint being objective response rate (ORR). The objective response rate was 69.
chr7:55191822:T>G	EGFR	L858R	CIViC	PREDICTIVE	A	SENSITIVITYRESPONSE	SUPPORTS	Osimertinib	Lung Non-small Cell Carcinoma	/evidence/11599	This phase 3 trial (NCT02151981) involved 419 patients with EGFR T790M mutant NSCLC who progressed after first-line EGFR inhibitor therapy (gefitinib, erlotinib, or afatinib) and were either treated with the third-generation EGFR inhibitor osimertinib or platinum therapy plus pemetrexed.  The object
chr7:55191822:T>G	EGFR	L858R	CIViC	PREDICTIVE	A	SENSITIVITYRESPONSE	SUPPORTS	Amivantamab,Lazertinib	Lung Non-small Cell Carcinoma	/evidence/12131	In this trial (MARIPOSA), 1074 patients with Non-Small Cell Lung Cancer harbouring exon 19 deletion or exon 21 L858R substitution were randomized (2:2:1) to receive lazertinib-amivantamab (n=429), osimertinib monotherapy (n=429) or lazertininib monotherapy (n=216). Patients who received lazertinib-a
chr7:55191822:T>G	EGFR	L858R	CIViC	PREDICTIVE	A	SENSITIVITYRESPONSE	SUPPORTS	Amivantamab,Carboplatin,Pemetrexed	Lung Non-small Cell Carcinoma	/evidence/12156	In this phase III trial, 657 patients with locally advanced or metastatic NSCLC (Non-Small Cell Lung Cancer) harbouring EGFR mutations (exon 19 deletions or L858R) were treated with amivantamab plus carboplatin-pemetrexed (chemotherapy). These patients were then randomized 2:2:1 to receive amivantam
chr7:55191822:T>G	EGFR	L858R	CIViC	PREDICTIVE	B	SENSITIVITYRESPONSE	SUPPORTS	Dacomitinib	Lung Non-small Cell Carcinoma	/evidence/4860	The authors pooled patients with exon 19 deletion and L858R EGFR (Exon 21) mutations from both studies (The ARCHER 1009 (NCT01360554) and A7471028 (NCT00769067)) to compare the efficacy of dacomitinib to erlotinib. 121 patients with any EGFR mutation were enrolled, 101 had activating mutations in ex
chr7:55191822:T>G	EGFR	L858R	CIViC	PREDICTIVE	B	SENSITIVITYRESPONSE	SUPPORTS	Gefitinib,Erlotinib	Lung Non-small Cell Carcinoma	/evidence/275	In NSCLC patients treated with EGFR tyrosine kinase inhibitors, the presence of L858R mutation is prognostic for better progression free survival.
chr7:55191822:T>G	EGFR	L858R	CIViC	PREDICTIVE	B	SENSITIVITYRESPONSE	SUPPORTS	Afatinib	Lung Adenocarcinoma	/evidence/879	A phase III clinical trial (NCT00949650) found that median progression free survival among patients with exon 19 deletions or L858R EGFR mutations (n = 308) was 13.6 months for afatinib and 6.9 months for chemotherapy (HR, 0.47; 95% CI, 0.34 to 0.65; P = 0.001).
chr7:55191822:T>G	EGFR	L858R	CIViC	PREDICTIVE	B	SENSITIVITYRESPONSE	SUPPORTS	Afatinib	Lung Adenocarcinoma	/evidence/982	Afatinib is an irreversible covalent inhibitor of EGFR (second generation). This Phase III clinical trial (LUX-Lung 6; NCT01121393) was performed in Asian patients with EGFR mutant advanced NSCLC. 364 eligible patients with EGFR mutations were assigned to afatinib (n=242) or gemcitabine and cisplati
chr7:55191822:T>G	EGFR	L858R	CIViC	PREDICTIVE	B	SENSITIVITYRESPONSE	SUPPORTS	Gefitinib	Lung Non-small Cell Carcinoma	/evidence/2621	In a phase 3 clinical trial of non-small cell lung cancer (NSCLC) patients, a subset of patients with EGFR mutations (n=44) treated with gefitinib were associated with improved progression free survival (HR: 0.16, 95% CI: 0.05-0.49, P=0.001), and a higher objective response rate (ORR: 42.1% vs 21.1%
chr7:55191822:T>G	EGFR	L858R	CIViC	PREDICTIVE	B	SENSITIVITYRESPONSE	SUPPORTS	Erlotinib	Lung Adenocarcinoma	/evidence/3791	The phase 3 (EURTAC) study consisted of of 173 non-small cell lung cancer patients who had not had prior chemotherapy for metastatic disease (although adjuvant or neoadjuvant chemotherapy was permitted) and included 160 patients with lung adenocarcinoma subtype. The patients had EGFR mutations (exon
chr7:55191822:T>G	EGFR	L858R	CIViC	PREDICTIVE	B	SENSITIVITYRESPONSE	SUPPORTS	Erlotinib,Gefitinib	Lung Non-small Cell Carcinoma	/evidence/4759	In a study of 1261 non-small cell lung cancer patients, 49.8% of the analyzed tumors had EGFR mutations including deletions in exon 19 (n=258), L858R (n=260), T790M (n=6) and insertions or duplications in exon 20 (n=25). Patients with EGFR deletions in exon 19 or L858R mutations were associated with
chr7:55191822:T>G	EGFR	L858R	CIViC	PREDICTIVE	B	SENSITIVITYRESPONSE	SUPPORTS	Gefitinib,Erlotinib	Lung Non-small Cell Carcinoma	/evidence/229	There is no statistical difference in progression free survival between lung cancer patients treated with gefitinib or erlotinib with EGFR L858R mutations (N=72/242; univariate: P=0.283; multivariate: P=0.250) compared to patients with Exon 19 mutations (N=170).
chr7:55191822:T>G	EGFR	L858R	CIViC	PROGNOSTIC	B	BETTER_OUTCOME	SUPPORTS		Lung Non-small Cell Carcinoma	/evidence/347	Median survival of patients with EGFR L858R mutation is better than those with wild type EGFR.
chr7:55191822:T>G	EGFR	L858R	CIViC	PREDICTIVE	B	SENSITIVITYRESPONSE	SUPPORTS	Afatinib	Lung Adenocarcinoma	/evidence/883	In a phase 2 study of patients with lung adenocarcinoma (stage IIIb with pleural effusion or stage IV) and EGFR mutations, treated with afatinib were assessed by objective response. 129 patients were treated with afatinib. 66% of the 106 patients with two common activating EGFR mutations (deletion 1
chr7:55191822:T>G	EGFR	L858R	CIViC	PREDICTIVE	B	SENSITIVITYRESPONSE	SUPPORTS	Erlotinib	Lung Non-small Cell Carcinoma	/evidence/885	A randomized phase 3 trial (NCT00446225) involving 173 NSCLC patients with EGFR mutations (exon 19 deletion or L858R mutation in exon 21) with no history of chemotherapy for metastatic disease. Patients were randomly allocated (1:1) to receive either erlotinib or standard chemotherapy. The primary e
chr7:55191822:T>G	EGFR	L858R	CIViC	PREDICTIVE	B	SENSITIVITYRESPONSE	SUPPORTS	Gefitinib	Lung Non-small Cell Carcinoma	/evidence/1665	90 NSCLC patients with stage IIIB/IV chemotherapy-resistant tumors were treated with gefitinib, and the L858R EGFR mutation was associated with longer time to treatment failure than those with wild-type EGFR (median 9.1 versus 2.1). In multivariate analysis, L858R mutations plus adenocarcinoma was a
chr7:55191822:T>G	EGFR	L858R	CIViC	PREDICTIVE	B	SENSITIVITYRESPONSE	SUPPORTS	Gefitinib	Lung Adenocarcinoma	/evidence/2634	In a phase 3 clinical trial of Korean, never-smoker, lung adenocarcinoma patients, a subset of patients with EGFR mutations (n=42) treated with gefitinib were associated with improved overall response rate compared to gemcitabine plus cisplatin treatment (84.6%, 22/26, vs. 37.5%, 6/16, P=0.002). By 
chr7:55191822:T>G	EGFR	L858R	CIViC	PREDICTIVE	B	SENSITIVITYRESPONSE	SUPPORTS	Erlotinib	Lung Adenocarcinoma	/evidence/4290	In a prospective study of 46 Caucasian, advanced lung adenocarcinoma patients harboring EGFR mutations, first-line erlotinib treatment was assessed. Average PFS and OS for these 46 patients was 11 months (95% CI: 9.7-12.3 months) and 23 months (95% CI: 21.3-28.6+ months), respectively. A PFS rate of
chr7:55191822:T>G	EGFR	L858R	CIViC	PREDICTIVE	B	SENSITIVITYRESPONSE	SUPPORTS	Gefitinib	Lung Adenocarcinoma	/evidence/6183	In a Japanese Phase III clinical trial, noninferiority of Gefitinib as compared to Erlotinib was assessed in 561 postoperative recurrent or stage IIIb/VI patients who had undergone prior chemotherapy treatment but no tyrosine kinase inhibitor therapy. In a subset of patients with sole EGFR L858R, th
