gene	drug	score	types	sources
EGFR	AFATINIB	0.8549152942214049	inhibitor,inhibitor	COSMIC,MyCancerGenome,GuideToPharmacology,FDA,CGI,OncoKB,TALC,DTC,TTD,MyCancerGenomeClinicalTrial,DoCM,CancerCommons,CIViC,TdgClinicalTrial
EGFR	ROCILETINIB	0.606322903703124	inhibitor,inhibitor	CIViC,ChEMBL,MyCancerGenome,GuideToPharmacology,CGI,TTD,TALC
EGFR	AUMOLERTINIB	0.3637937422218744	inhibitor,inhibitor	ChEMBL,GuideToPharmacology
EGFR	FUTUXIMAB	0.3637937422218744	inhibitor	ChEMBL,TTD
EGFR	MATUZUMAB	0.3637937422218744	inhibitor	TALC,TTD
EGFR	GRACILIN J	0.3637937422218744		DTC
EGFR	RINDOPEPIMUT	0.1818968711109372	vaccine	ChEMBL
EGFR	OLMUTINIB	0.1818968711109372	inhibitor	ChEMBL
EGFR	OSIMERTINIB MESYLATE	0.1818968711109372	inhibitor	ChEMBL
EGFR	NIMOTUZUMAB	0.1818968711109372	inhibitor	ChEMBL
EGFR	GEFITINIB	0.1660797518838992	inhibitor,inhibitor	CIViC,MyCancerGenomeClinicalTrial,COSMIC,TALC,GuideToPharmacology,TdgClinicalTrial,ClearityFoundationBiomarkers,ChEMBL,CancerCommons,MyCancerGenome,CGI,DTC,TEND,OncoKB,DoCM,FDA,TTD
EGFR	ABIVERTINIB	0.09094843555546861	inhibitor	ChEMBL
EGFR	ABIVERTINIB MALEATE	0.09094843555546861	inhibitor	ChEMBL
EGFR	PD-0166285 HYDROCHLORIDE	0.0454742177777343	inhibitor	ChEMBL
EGFR	CISPLATIN	0.002178405642047152		CIViC
PTEN	IPATASERTIB	0.6014998806054855		CIViC,CKB-CORE
PTEN	EVEROLIMUS	0.1964081242793422		ClearityFoundationBiomarkers,CKB-CORE,CGI,CIViC
PTEN	CHEMBL:CHEMBL4439276	0.1718571087444244		CKB-CORE
PTEN	VS-5584	0.1374856869955395		CKB-CORE
PTEN	DORDAVIPRONE	0.1145714058296163		CKB-CORE
PTEN	VISTUSERTIB	0.09820406213967112		CKB-CORE
PTEN	PLX-4720	0.0763809372197442		CKB-CORE
PTEN	ERDAFITINIB	0.0763809372197442		CKB-CORE
PTEN	TRASTUZUMAB	0.06137753883729444		CIViC,CGI
PTEN	GEDATOLISIB	0.05499427479821582		CKB-CORE
PTEN	PEMBROLIZUMAB	0.05029964158373398		CIViC,CKB-CORE
PTEN	ANTINEOPLASTIC AGENT	0.04910203106983556		NCI
PTEN	OSIMERTINIB	0.03437142174888489		CKB-CORE
PTEN	ZSTK474	0.0312467470444408		ClearityFoundationBiomarkers
PTEN	PACLITAXEL PROTEIN-BOUND	0.02937728354605546		CIViC,CKB-CORE
KRAS	SOTORASIB	1.446229221127943		PharmGKB,CIViC
KRAS	VEDROPREVIR	0.433868766338383	inhibitor	ChEMBL
KRAS	RAS PEPTIDE CANCER VACCINE	0.433868766338383	vaccine	TALC
KRAS	AMG410	0.433868766338383	modulator	GuideToPharmacology
KRAS	SOTORASIB	0.433868766338383	inhibitor	ChEMBL
KRAS	GARSORASIB	0.433868766338383	inhibitor	GuideToPharmacology
KRAS	TIZATERKIB	0.2169343831691915		CIViC
KRAS	NIVOLUMAB	0.05423359579229787		CIViC,PharmGKB
KRAS	PIMASERTIB	0.05423359579229787		ClearityFoundationBiomarkers
KRAS	COBIMETINIB	0.05104338427510388		ClearityFoundationBiomarkers,OncoKB
KRAS	GEMCITABINE	0.02142561809078434		CIViC,CGI
KRAS	BEVACIZUMAB	0.01928305628170591		CIViC
KRAS	METFORMIN	0.01606921356808826		CIViC
KRAS	CAPECITABINE	0.01577704604866847		PharmGKB
KRAS	PACLITAXEL PROTEIN-BOUND	0.007416560108348427		CIViC
PIK3CA	APILIMOD DIMESYLATE CAPSULE	0.3754041808034236		CKB-CORE
PIK3CA	INAVOLISIB	0.250269453868949		OncoKB,CIViC,PharmGKB,CKB-CORE
PIK3CA	INAVOLISIB	0.1877020904017118	inhibitor	ChEMBL
PIK3CA	RIGOSERTIB SODIUM	0.1877020904017118		CKB-CORE
PIK3CA	TEMSIROLIMUS	0.1608875060586101		CIViC,CKB-CORE,ClearityFoundationBiomarkers
PIK3CA	TAK-733	0.07508083616068471		CKB-CORE
PIK3CA	BRAFV600/PI3K INHIBITOR ASN003	0.06256736346723726		CKB-CORE
PIK3CA	RIGOSERTIB	0.04692552260042795	inhibitor	TALC,TdgClinicalTrial
PIK3CA	RIBOCICLIB	0.04692552260042795		CKB-CORE,CIViC
PIK3CA	ERDAFITINIB	0.04171157564482485		CKB-CORE
PIK3CA	SURAMIN	0.03754041808034236		NCI
PIK3CA	COMPOUND 15A [PMID: 32069401]	0.03754041808034236	inhibitor	GuideToPharmacology
PIK3CA	COMPOUND 41 [PMID: 31855425]	0.03754041808034236	inhibitor	GuideToPharmacology
PIK3CA	NEOLYMPHOSTIN A	0.03128368173361863	inhibitor	GuideToPharmacology
PIK3CA	GSK2636771	0.01173138065010698	inhibitor	MyCancerGenome
BRAF	TRAMETINIB DIMETHYL SULFOXIDE	1.44883014719756		PharmGKB,CIViC,ClearityFoundationBiomarkers,OncoKB,FDA,CGI,DoCM,CKB-CORE
BRAF	BINIMETINIB	0.5698419921525653		PharmGKB,FDA,CIViC,CKB-CORE,OncoKB,ClearityFoundationBiomarkers
BRAF	LIFIRAFENIB	0.2405999522421942	inhibitor	ChEMBL
BRAF	B-RAF/VEGFR-2 INHIBITOR RAF265	0.2004999602018285	inhibitor	MyCancerGenome,CKB-CORE
BRAF	AVUTOMETINIB	0.1718571087444244		CKB-CORE
BRAF	NAVITOCLAX	0.1031142652466546		CKB-CORE
BRAF	SORAFENIB	0.09623998089687769	inhibitor,inhibitor	TdgClinicalTrial,TEND,CIViC,MyCancerGenomeClinicalTrial,DoCM,PharmGKB,GuideToPharmacology,MyCancerGenome,CGI,CKB-CORE,ClearityFoundationClinicalTrial
BRAF	NIVOLUMAB	0.09022498209082283		FDA,PharmGKB,CKB-CORE,CIViC
BRAF	REGORAFENIB	0.08749089172443426	inhibitor,inhibitor	ChEMBL,MyCancerGenome,MyCancerGenomeClinicalTrial,GuideToPharmacology,CKB-CORE,CIViC
BRAF	OMIPALISIB	0.06874284349776978		CKB-CORE
BRAF	ALPELISIB	0.0656181687933257		CKB-CORE,CIViC,CGI
BRAF	SARACATINIB	0.0656181687933257		CKB-CORE
BRAF	CI-1040	0.06014998806054855		CKB-CORE
BRAF	ENZALUTAMIDE	0.03207999363229256		CKB-CORE
BRAF	PONATINIB	0.03007499403027428		CIViC,CKB-CORE
TP53	SIREMADLIN	0.05753477118835079	inhibitor	ChEMBL
TP53	AZD7648	0.04602781695068064		CKB-CORE
TP53	DINOSEB	0.02876738559417539		DTC
TP53	PIRARUBICIN	0.0255710094170448		CKB-CORE
TP53	CHEMBL:CHEMBL260451	0.02301390847534032		DTC
TP53	RIMCAZOLE	0.02301390847534032		DTC
TP53	CAPIVASERTIB	0.0209217349775821		CKB-CORE
TP53	CHEMBL:CHEMBL260560	0.01438369279708769		DTC
TP53	TRACAZOLATE	0.01438369279708769		DTC
TP53	OXALIPLATIN	0.01122629681723918		PharmGKB,CIViC
TP53	CARBOPLATIN	0.01046086748879105		CKB-CORE,CIViC
TP53	MELPHALAN	0.006056291704036925		DTC
TP53	LAPACHONE	0.005003023581595721		DTC
TP53	VITAMIN K3	0.00396791525436902		DTC
TP53	DAUNORUBICIN HYDROCHLORIDE	0.003486955829597018		DTC
